"Id","PrimaryName","NameArabic","NameEnglish","NameNobiin"
"b7854c37-de2f-4d73-a66b-e3564afd805b","Inas Mohamed Abdel Majeed","ايناس","Enas","ⲉⲛⲁⲥ"
"00c6c827-308e-4a6e-88c9-83cf391d2881","",NULL,"",NULL
"ebeba076-fd3d-4db5-afdd-1b4d9042d038","tbd",NULL,"tbd",NULL
"0a160248-e4f5-449f-a4af-9dd4197f735a","محمد","محمد","Mohamed","ⲙⲟϩⲁⲙⲉⲇ"
"017d1edf-10bc-4320-8210-582b501ee7c6","ابتهال","ابتهال","Ebtehal","ⲉⲃⲧⲉϩⲁⲗ"
"01a3dec3-b563-4c08-95f5-2575c8465f5a","هشام","هشام","Hesham","ϩⲉⲑⲁⲙ"
"01e7143e-e7d9-4723-976d-4e9e92ea06c5","على احمد خيرى","علي أحمد خيري","Ali Ahmed Khairy","ⲁⲗⲓ ⲁϩⲙⲉⲇ ⲕϩⲁⲓⲣⲓ"
"7de1781e-89dd-4454-800c-5ba3c1ec7885","منى","منى","Mona","ⲙⲟⲛⲁ"
"0398475a-18bc-4a9b-b099-b4994a38070e","عفاف","عفاف","Afaf","ⲁⲫⲁⲫ"
"03aa6f04-8208-40e9-ae74-9f6c3aa71a78","اسماء","أسماء","Asmaa","ⲁⲥⲙⲁⲁ"
"03ad50e3-aa0b-4875-aefd-6c25e9ef1631","محمد احمد","محمد أحمد","Mohamed Ahmed","ⲙⲟϩⲁⲙⲉⲇ ⲁϩⲙⲉⲇ"
"04d98e6e-4025-48ff-a39a-97de3d540629","عبد الرحمن","عبد الرحمن","Abdel Rahman","ⲁⲃⲇⲉⲗ ⲣⲁϩⲙⲁⲛ"
"051cff4a-c50e-4293-a715-80994568e565","محمد","محمد","Mohamed","ⲙⲟϩⲁⲙⲉⲇ"
"05d61ba4-ede6-48ac-b255-fa8693be7061","خالد","خالد","Khaled","ⲕϩⲁⲗⲉⲇ"
"061cfd7d-2c8c-4ced-8b74-8257d83220ef","سعاد","سعاد","Souad","ⲥⲟⲩⲁⲇ"
"064a8791-ed32-44d6-b911-e3ed3e818261","عائشه","عائشة","Aisha","ⲁⲓⲑⲁ"
"0672b1df-9ded-4902-a914-6dfe4b32fbc8","زكيه","زكية","Zakiya","ⲍⲁⲕⲓⲏⲁ"
"07859a4d-d5cf-4078-867a-53594e735c31","فتحيه","فتحية","Fathia","ⲫⲁⲑⲓⲁ"
"07875362-d8ee-4928-86ac-7aecb98a86d6","شريفه","شريفة","Sharifa","ⲑⲁⲣⲓⲫⲁ"
"07c365b3-2f9f-4397-9605-db31ba4c7752","اسمهان","اسمهان","Asmahan","ⲁⲥⲙⲁϩⲁⲛ"
"07fe499f-7066-4230-8ea7-3f80edf4d549","احمد","أحمد","Ahmed","ⲁϩⲙⲉⲇ"
"0831d51d-6c34-4e26-9cdc-eb57e0f4781c","انشراح","انشراح","Inshirah","ⲓⲛⲑⲓⲣⲁϩ"
"088cc246-a351-465e-b820-60b56fe2263e","متولى","متولي","Metwally","ⲙⲉⲧⲱⲁⲗⲗⲓ"
"0932b7e4-1f7a-478e-9ec2-d57596a5b969","وصفى","وصفي","Wasfy","ⲱⲁⲥⲫⲓ"
"098051ee-bc7c-4051-9883-a1b5165ec030","محمود","محمود","Mahmoud","ⲙⲁϩⲙⲟⲩⲇ"
"09f233c6-9768-436e-896f-220370713add","احمد","أحمد","Ahmed","ⲁϩⲙⲉⲇ"
"0b7a58ff-cd04-48fd-b62d-f53a449e3d0c","نشأت","نشأت","Nashaat","ⲛⲁⲑⲁⲁⲧ"
"0f4c1e01-0dfe-4844-b592-2ac4bb3c9243","سامر","سامر","Samer","ⲥⲁⲙⲉⲣ"
"0f4c9db3-f3fb-4909-8c3f-b294735a2b0f","ابتسام","ابتسام","Ebtesam","ⲉⲃⲧⲉⲥⲁⲙ"
"100e3388-7500-4115-b127-a133e69aad3f","فايزه","فايزة","Fayza","ⲫⲁⲏⲍⲁ"
"113a3b6b-bc1d-4189-a5be-ff0f4b6da898","محمد عبدالحليم محمد","محمد عبدالحليم محمد","Mohamed Abdel Halim Mohamed","ⲙⲟϩⲁⲙⲉⲇ ⲁⲃⲇⲉⲗ ϩⲁⲗⲓⲙ ⲙⲟϩⲁⲙⲉⲇ"
"12acd2b4-5319-440f-a037-1e4ed0568bd6","محسن","محسن","Mohsen","ⲙⲟϩⲥⲉⲛ"
"12bf3ef5-8a0d-42a0-8f68-fe9ce2113dde","محمد","محمد","Mohamed","ⲙⲟϩⲁⲙⲉⲇ"
"12ffb31b-f46b-422f-9124-00f363f1ac7b","احمد","أحمد","Ahmed","ⲁϩⲙⲉⲇ"
"132eb7da-a33c-4e34-80cc-931304148855","محمد","محمد","Mohamed","ⲙⲟϩⲁⲙⲉⲇ"
"134383ef-3e27-4ee9-9ed0-6f6b278d4b70","احسان","إحسان","Ehsan","ⲉϩⲥⲁⲛ"
"138eea36-2263-4093-9a21-dd6aeb846450","احمد","أحمد","Ahmed","ⲁϩⲙⲉⲇ"
"13978df3-8535-4246-a604-3513619239cd","هاديه","هادية","Hadia","ϩⲁⲇⲓⲁ"
"13aac49d-554b-4ac5-8c78-ab6abc4a61c4","زكيه","زكية","Zakiya","ⲍⲁⲕⲓⲏⲁ"
"14047663-ef1d-431b-ae46-d289abae2411","نفيسه فضل","نفيسة فضل","Nafisa Fadl","ⲛⲁⲫⲓⲥⲁ ⲫⲁⲇⲗ"
"1542491d-e953-45e9-8a81-53b2b8a5931f","زينب","زينب","Zeinab","ⲍⲉⲓⲛⲁⲃ"
"15508ffe-69d5-4d0c-a776-c9859d138401","فاطمه (قاشو)","فاطمة (قاشو)","Fatma (Qasho)","ⲫⲁⲧⲙⲁ (ⲕⲁⲑⲟ)"
"1630f623-14c7-4db9-b354-666c1300d9e0","احمد","أحمد","Ahmed","ⲁϩⲙⲉⲇ"
"16bd771f-08ea-4656-8239-65f5f9376104","متولى","متولي","Metwally","ⲙⲉⲧⲱⲁⲗⲗⲓ"
"188b6de4-b9c3-4bc4-9af7-b00278731ddb","مروه","مروة","Marwa","ⲙⲁⲣⲱⲁ"
"18d51473-0cfe-4776-ac02-c89fb2d29087","زينب","زينب","Zeinab","ⲍⲉⲓⲛⲁⲃ"
"198fd73a-e56d-48c9-9473-1cd6a830a62a","محمد","محمد","Mohamed","ⲙⲟϩⲁⲙⲉⲇ"
"1b360ea6-59f3-4033-9bdd-0e836c64f057","فاطمه","فاطمة","Fatma","ⲫⲁⲧⲙⲁ"
"1b4aa5c2-a13d-461c-b64b-38b6808a1609","رشا","رشا","Rasha","ⲣⲁⲑⲁ"
"1b91d97e-55a8-4c4f-9a72-dedf95ca2aed","محمد","محمد","Mohamed","ⲙⲟϩⲁⲙⲉⲇ"
"1bc6a1c3-74e5-4a82-b4bd-c35653f6de9a","احمد","أحمد","Ahmed","ⲁϩⲙⲉⲇ"
"1c6ea137-4121-40f2-852b-b78686fd071b","عبد العزيز","عبد العزيز","Abdel Aziz","ⲁⲃⲇⲉⲗ ⲁⲍⲓⲍ"
"1cef3beb-2d1b-4136-a805-285df0f81366","عائشه","عائشة","Aisha","ⲁⲓⲑⲁ"
"1d3b4207-a170-4014-80db-d5a1b76f0035","محجوب","محجوب","Mahgoub","ⲙⲁϩⲅⲟⲩⲃ"
"1dd0b591-cf5a-4021-bd1e-d7881437b110","حسن","حسن","Hassan","ϩⲁⲥⲥⲁⲛ"
"1e2bde09-e21a-46e3-82d1-0eec6cf6f166","كوثر","كوثر","Kawther","ⲕⲁⲱⲑⲉⲣ"
"1e78534b-2c86-4d27-862c-dbab814f2a60","طلال","طلال","Talal","ⲧⲁⲗⲁⲗ"
"1ee4c37d-18a5-49b2-b0ea-59683c08c323","سيد احمد","سيد احمد","Sayed Ahmed","ⲥⲁⲏⲉⲇ ⲁϩⲙⲉⲇ"
"20652c23-0026-494e-91c8-5ab698cc4aec","عبد الرحمن","عبد الرحمن","Abdel Rahman","ⲁⲃⲇⲉⲗ ⲣⲁϩⲙⲁⲛ"
"20979cb9-e457-4fdd-be3a-cf039754b7ab","عبد العزيز","عبد العزيز","Abdel Aziz","ⲁⲃⲇⲉⲗ ⲁⲍⲓⲍ"
"20cbc50d-1aa5-4b6a-bbfc-80304fe0c544","هجره","هجره","Hegra","ϩⲉⲅⲣⲁ"
"226dac23-4cf3-411b-8265-0aabf40bb02b","عواطف","عواطف","Awatef","ⲁⲱⲁⲧⲉⲫ"
"22dbe006-c318-418b-a66e-2bfb6ebe2e17","منيه","منيه","Moneya","ⲙⲟⲛⲉⲏⲁ"
"2305b11a-9a04-4bf4-8227-f14b846cd9da","الفاتح","الفاتح","El-Fateh","ⲉⲗⲫⲁⲧⲉϩ"
"23861b80-b74c-4e0f-ac1a-e7759818f5e7","هشام","هشام","Hesham","ϩⲉⲑⲁⲙ"
"256b6740-757c-4c62-9c1e-912cd09d6946","صلاح","صلاح","Salah","ⲥⲁⲗⲁϩ"
"28283855-40a5-449c-8ae1-418bd57a1e69","محمد","محمد","Mohamed","ⲙⲟϩⲁⲙⲉⲇ"
"288bfc15-ead3-401d-9bee-e2f5edc370b4","فيصل حسن يوسف","فيصل حسن يوسف","Faisal Hassan Youssef","ⲫⲁⲓⲥⲁⲗ ϩⲁⲥⲁⲛ ⲏⲟⲩⲥⲉⲫ"
"28dfe729-587a-4b7b-970b-7e2077a55bcd","روان","روان","Rawan","ⲣⲁⲱⲁⲛ"
"28e0e0d9-ff42-4392-a80e-2f899f7e7fe8","احمد","أحمد","Ahmed","ⲁϩⲙⲉⲇ"
"2963f2eb-a41a-4ccb-9e7f-f99cee15ed7c","محمد بدر كدوده","محمد بدر كدوده","Mohamed Badr Kadouda","ⲙⲟϩⲁⲙⲉⲇ ⲃⲁⲇⲣ ⲕⲁⲇⲟⲩⲇⲁ"
"29a6853f-c91b-40d3-ab9a-0fa96762438c","فاطمه ابايزيد","فاطمة أبايزيد","Fatma Abayazid","ⲫⲁⲧⲙⲁ ⲁⲃⲁⲏⲁⲍⲓⲇ"
"2aaf36b3-1784-43b1-af3d-db36fe7a5d84","عمرو","عمرو","Amr","ⲁⲙⲣ"
"2b6d5983-a17e-4413-9888-6e9673e94ad9","هاله","هالة","Hala","ϩⲁⲗⲁ"
"2bfbbbb6-df60-48c1-9619-7bc9f565e18b","احمد","أحمد","Ahmed","ⲁϩⲙⲉⲇ"
"2c1bfeee-d425-4831-897b-f2274e085973","كامل","كامل","Kamel","ⲕⲁⲙⲉⲗ"
"2c73a45a-44ea-43e5-a2d8-4b43cd9aac4f","عبد الرحمن","عبد الرحمن","Abdel Rahman","ⲁⲃⲇⲉⲗ ⲣⲁϩⲙⲁⲛ"
"2cecfa3e-92a5-4251-acaf-07ac2a09807b","محمد احمد","محمد أحمد","Mohamed Ahmed","ⲙⲟϩⲁⲙⲉⲇ ⲁϩⲙⲉⲇ"
"2dce1a0b-11b9-41a7-827d-562234457252","عبده","عبده","Abdo","ⲁⲃⲇⲟ"
"2dd91d5e-4a66-40c9-8ca9-aace4c4ac02a","صلاح","صلاح","Salah","ⲥⲁⲗⲁϩ"
"2ee746d7-3b1b-4d6a-b6af-9e4c820b3e3a","محجوب","محجوب","Mahgoub","ⲙⲁϩⲅⲟⲩⲃ"
"3009160e-5f07-450d-a731-ce8bfb1683ea","راشد","راشد","Rashed","ⲣⲁⲑⲉⲇ"
"31b8d4b9-326e-4e9a-8803-a9b4ea034b7e","عثمان","عثمان","Osman","ⲟⲥⲙⲁⲛ"
"329a1d03-3aca-47f2-8490-a2c7348be885","علاء","علاء","Alaa","ⲁⲗⲁⲁ"
"32e2834a-d60d-499c-a626-ae1c23b3dcf1","محمد حاج","محمد حاج","Mohamed Hag","ⲙⲟϩⲁⲙⲉⲇ ϩⲁⲅ"
"33a8bd61-c893-4430-88da-03cfe7ac82f6","محمد","محمد","Mohamed","ⲙⲟϩⲁⲙⲉⲇ"
"3431da17-9257-42f6-a88a-9d4e8d6eb946","نزار","نزار","Nizar","ⲛⲓⲍⲁⲣ"
"34eccca2-e723-4e34-a2b2-5ee11a0ed4f1","محمد احمد","محمد أحمد","Mohamed Ahmed","ⲙⲟϩⲁⲙⲉⲇ ⲁϩⲙⲉⲇ"
"34f7930c-ebe4-4369-8697-a133297bab81","سعيده","سعيده","Saeeda","ⲥⲁⲓⲇⲁ"
"387edd28-b954-47e9-ab76-633166aa4758","احمد","أحمد","Ahmed","ⲁϩⲙⲉⲇ"
"393d1cc4-7f44-40f9-868d-45d24c13d636","محمود","محمود","Mahmoud","ⲙⲁϩⲙⲟⲩⲇ"
"3a2fafe3-0d71-40b5-b2c4-bd9e1b159f3c","على","علي","Ali","ⲁⲗⲓ"
"3a7bdfc0-830b-44c6-86ee-dfa84b9b3a6a","ابو الوفا","ابو الوفا","Abou El Wafa","ⲁⲃⲟⲩ ⲉⲗ ⲱⲁⲫⲁ"
"3c042938-82b4-4060-92c3-6762366c5e4c","فتحى","فتحي","Fathy","ⲫⲁⲧϩⲓ"
"3d0b6753-d73b-47d0-bcf4-af4787487323","طاهر","طاهر","Taher","ⲧⲁϩⲉⲣ"
"3d377878-47f8-44d4-b8f8-c69247708b99","سامح","سامح","Sameh","ⲥⲁⲙⲉϩ"
"3da7bbb2-8241-4bff-9a80-2b78b6c50a87","دعاء","دعاء","Doaa","ⲇⲟⲁⲁ"
"3ea3b6ce-d497-4f20-80a3-7f3801c0d0f5","رباب","رباب","Rabab","ⲣⲁⲃⲁⲃ"
"3f5b9f66-9803-4368-8dd4-eeb2b3f83dec","شريفه عبدالرحمن فقير","شريفه عبدالرحمن فقير","Sharifa Abdel Rahman Fakir","ⲑⲁⲣⲓⲫⲁ ⲁⲃⲇⲉⲗ ⲣⲁϩⲙⲁⲛ ⲫⲁⲕⲓⲣ"
"40d8b941-d6c2-470c-b463-2f8767138162","احمد","أحمد","Ahmed","ⲁϩⲙⲉⲇ"
"41ab25c4-81ea-46f0-8ec7-82f30f270160","نجاة","نجاة","Nagat","ⲛⲁⲅⲁⲧ"
"42f2ce5a-4446-461f-9bb6-dcaa636b90c9","عبد العزيز","عبد العزيز","Abdel Aziz","ⲁⲃⲇⲉⲗ ⲁⲍⲓⲍ"
"43034613-869a-4c09-ac18-a854a35fe9a6","زينب","زينب","Zeinab","ⲍⲉⲓⲛⲁⲃ"
"43933a5b-7afd-4fff-a6fe-3d7aae8619df","فاطمه","فاطمة","Fatma","ⲫⲁⲧⲙⲁ"
"4396edb8-3cad-46f7-8802-bbcbd17db4d3","احمد","أحمد","Ahmed","ⲁϩⲙⲉⲇ"
"43ba5ec9-f935-4c0d-93c6-8beb676a3250","محمد عيبر","محمد عيبر","Mohamed Ayber","ⲙⲟϩⲁⲙⲉⲇ ⲁⲏⲃⲉⲣ"
"43f290d1-145d-4a30-b375-fe7d58e9406e","شداد","شداد","Shaddad","ⲑⲁⲇⲁⲇ"
"4418e04b-2f6e-4196-a0a1-57584f714f60","فاروق مصطفى","فاروق مصطفى","Farouk Mostafa","ⲫⲁⲣⲟⲩⲕ ⲙⲟⲥⲧⲁⲫⲁ"
"4466efbf-f708-4a29-b13d-5c28297f4db3","شوقى","شوقي","Shawky","ⲑⲁⲱⲕⲓ"
"45466f72-d5ec-416d-9721-622f34a814c1","على","علي","Ali","ⲁⲗⲓ"
"4630f7f8-db26-46df-93c5-1b8ff2d74445","فوزيه","فوزية","Fawzia","ⲫⲁⲱⲍⲓⲁ"
"471a7760-cb62-4c00-89e3-f0cbcfffc40e","عثمان","عثمان","Osman","ⲟⲥⲙⲁⲛ"
"49d29a10-f412-473b-8f8f-3a859cba6995","عنايات","عنايات","Enayat","ⲉⲛⲁⲏⲁⲧ"
"49e5a66c-f97d-49cb-89a4-ec66a2423024","فاطمه","فاطمة","Fatma","ⲫⲁⲧⲙⲁ"
"4a56e8cc-a3a2-490d-a9cb-d0dcad81566a","فاطمه","فاطمة","Fatma","ⲫⲁⲧⲙⲁ"
"4a6d22c2-43f0-490c-bbfa-f0c187ec77d5","على","علي","Ali","ⲁⲗⲓ"
"4b1a8a5e-5892-451f-bb44-3b57cc638fae","امينه عبدالحميد صالح شريف","أمينة عبد الحميد صالح شريف","Amina Abdel Hamid Saleh Sherif","ⲁⲙⲓⲛⲁ ⲁⲃⲇⲉⲗ ϩⲁⲙⲓⲇ ⲥⲁⲗⲉϩ ⲑⲉⲣⲓⲫ"
"5087b661-e52b-417d-ad01-4aebfc684d3c","ناديه","ناديه","Nadia","ⲛⲁⲇⲓⲁ"
"50b85ddc-3ef5-43f1-a25c-b819d33a9e7a","عايده","عايدة","Ayda","ⲁⲏⲇⲁ"
"51608bf6-00cb-401c-8d52-277068e91c6a","نجوى","نجوى","Nagwa","ⲛⲁⲅⲱⲁ"
"51e772c9-fdcf-466f-b506-b56e023df862","نعيمه","نعيمة","Naeema","ⲛⲁⲓⲙⲁ"
"53540c17-78f7-437e-ab6b-87c642f1e868","سعيده","سعيده","Saeeda","ⲥⲁⲓⲇⲁ"
"539b46d3-0702-4d3a-8a05-6beff160a092","فاطمه","فاطمة","Fatma","ⲫⲁⲧⲙⲁ"
"56c29211-020f-4254-aaed-33d4966c48be","محمد عثمان","محمد عثمان","Mohamed Osman","ⲙⲟϩⲁⲙⲉⲇ ⲟⲑⲙⲁⲛ"
"56f491df-dc4b-4021-b43f-c830c1954ce5","عبده سامى","عبده سامي","Abdo Samy","ⲁⲃⲇⲟ ⲥⲁⲙⲓ"
"56f64ff2-3752-44b6-bd7c-7dfb1042fe27","محجوب","محجوب","Mahgoub","ⲙⲁϩⲅⲟⲩⲃ"
"5721d7c5-dad5-4696-82b5-283b267738f2","وداد","وداد","Wedad","ⲱⲉⲇⲁⲇ"
"57853450-4b79-4a55-b6ae-4267f86e4740","على","علي","Ali","ⲁⲗⲓ"
"5865b700-fea3-4e30-a02d-4e9347a7935e","زهره","زهرة","Zahra","ⲍⲁϩⲣⲁ"
"58eeabb9-73a6-42d1-a743-49ec8debfcb5","رانيا","رانيا","Rania","ⲣⲁⲛⲓⲁ"
"5998a405-ab45-42d0-a51e-767985fd8fa7","سامر","سامر","Samer","ⲥⲁⲙⲉⲣ"
"5b60b3c6-c57e-4b2c-bbb6-897f3052876b","هناء","هناء","Hanaa","ϩⲁⲛⲁⲁ"
"5cd8dc2a-88d7-4086-af70-fa26d8d71ed5","اليسا","اليسا","Alyssa","ⲁⲗⲓⲥⲁ"
"5ce8f136-8175-4034-9249-4458b20c1cab","ثريا","ثريا","Soraya","ⲥⲟⲣⲁⲏⲁ"
"5d0f3a15-3457-4304-ad3f-9e44c33dfc73","اشراقه","اشراقه","Ashraqa","ⲁⲑⲣⲁⲕⲁ"
"5e856554-dfb5-4657-9265-01096f0f6451","محمد","محمد","Mohamed","ⲙⲟϩⲁⲙⲉⲇ"
"5ea9d2fc-288e-4997-b046-0b57b502e3d0","محمد الهادى محمد كدوده","محمد الهادي محمد كدودة","Mohamed El-Hady Mohamed Kadouda","ⲙⲟϩⲁⲙⲉⲇ ⲉⲗϩⲁⲇⲓ ⲙⲟϩⲁⲙⲉⲇ ⲕⲁⲇⲟⲩⲇⲁ"
"5eadca51-02e7-47a2-9678-afbf2965a3aa","امير","أمير","Amir","ⲁⲙⲓⲣ"
"5ee5eb1b-6f3f-469c-91b6-1c5300da8f71","عبد الحليم","عبد الحليم","Abdel Halim","ⲁⲃⲇⲉⲗ ϩⲁⲗⲓⲙ"
"5f41b7a1-b5ac-4cf3-ad82-3735b1f050f4","عزيزه","عزيزة","Aziza","ⲁⲍⲓⲍⲁ"
"5fa4e123-d0a8-4e78-a27b-24c21fe856ed","سنيه","سنية","Saniya","ⲥⲁⲛⲓⲏⲁ"
"5faf0d74-97e9-4988-b6f1-333a4d088bbf","سماح","سماح","Samah","ⲥⲁⲙⲁϩ"
"60bfd2da-842f-4c70-8a03-689c52e7c9d2","شريفه","شريفة","Sharifa","ⲑⲁⲣⲓⲫⲁ"
"62325283-63f0-4f68-84f9-f52a8c6cde69","محمد","محمد","Mohamed","ⲙⲟϩⲁⲙⲉⲇ"
"62795491-b394-4bd9-8a2b-d4e2f91587bd","تيسير","تيسير","Tayseer","ⲧⲁⲏⲥⲓⲣ"
"62856f54-242c-4f67-8220-cb451ce52031","امين نورى","أمين نوري","Amin Nouri","ⲁⲙⲓⲛ ⲛⲟⲩⲣⲓ"
"63f661ac-75e0-4aae-a1aa-879128891215","صلاح احمد النعيم","صلاح احمد النعيم","Salah Ahmed El-Naim","ⲥⲁⲗⲁϩ ⲁϩⲙⲉⲇ ⲉⲗ-ⲛⲁⲓⲙ"
"6445e2a6-4866-41d2-a81c-eb1eb6a7c536","عائشه","عائشة","Aisha","ⲁⲓⲑⲁ"
"657ef2fe-29fb-41f2-96e4-e5687799b454","زينب","زينب","Zeinab","ⲍⲉⲓⲛⲁⲃ"
"6653dba6-6f95-4495-8e3a-3cc187266272","حسن","حسن","Hassan","ϩⲁⲥⲥⲁⲛ"
"66762b55-a7f9-4eb6-b679-1837ee6fcf9f","سعيده","سعيده","Saeeda","ⲥⲁⲓⲇⲁ"
"66952afa-c95b-45d8-9de3-c61ecebda807","تغريد","تغريد","Taghrid","ⲧⲁⲅϩⲣⲓⲇ"
"66bfe7b7-2c8c-4cf5-ae84-8b348fe68cbd","فاطمه","فاطمة","Fatma","ⲫⲁⲧⲙⲁ"
"66c8f4e7-94fa-4ff6-b592-07e5ad89ed22","شاهيناز","شاهيناز","Shahinaz","ⲑⲁϩⲓⲛⲁⲍ"
"6812b606-b794-4227-a4ac-2084fa563655","محمد","محمد","Mohamed","ⲙⲟϩⲁⲙⲉⲇ"
"68641213-079d-4200-80e0-437391610deb","زهره","زهرة","Zahra","ⲍⲁϩⲣⲁ"
"6910f824-c647-4e09-8407-0a74245d41f2","احيد","أحيد","Ahid","ⲁϩⲓⲇ"
"6921ef81-45c1-48a9-9e58-38fc2117ac58","احمد","أحمد","Ahmed","ⲁϩⲙⲉⲇ"
"6965b15f-d56d-4014-b4dc-2296e0234ade","فاطمه محمود","فاطمة محمود","Fatma Mahmoud","ⲫⲁⲧⲙⲁ ⲙⲁϩⲙⲟⲩⲇ"
"6988f9c8-0142-4cb1-a30f-60e513910da8","فاطمه","فاطمة","Fatma","ⲫⲁⲧⲙⲁ"
"6a128c37-f273-4914-999f-3d2b4b9e1443","احمد","أحمد","Ahmed","ⲁϩⲙⲉⲇ"
"6a845e8b-803e-4104-8c22-a74ea7b85e2a","كريم","كريم","Karim","ⲕⲁⲣⲓⲙ"
"6a98624b-3524-4aab-89cd-d41ca54b2207","عزه","عزة","Azza","ⲁⲍⲍⲁ"
"6b426b41-4463-4f26-af7b-91c5c103df83","وفاء","وفاء","Wafaa","ⲱⲁⲫⲁⲁ"
"6b4bc1f2-f7fd-4ca8-bb35-7a14eabfa434","احمد","أحمد","Ahmed","ⲁϩⲙⲉⲇ"
"6b82c82a-d20c-44de-ade0-2bb0a29eb2c0","فوزيه","فوزية","Fawzia","ⲫⲁⲱⲍⲓⲁ"
"6ba75b67-065b-4d8e-83f7-438a292e9285","هانم","هانم","Hanem","ϩⲁⲛⲉⲙ"
"6c49b75d-7641-4a73-8174-62a31a9e91d2","علويه","علوية","Alawiya","ⲁⲗⲁⲱⲓⲏⲁ"
"6c9ac109-ed1d-403d-a2f8-b8078a25a94a","عبد الرحمن","عبد الرحمن","Abdel Rahman","ⲁⲃⲇⲉⲗ ⲣⲁϩⲙⲁⲛ"
"6ce83efc-05d0-4c17-9d54-8f9eae1c0c63","زينب","زينب","Zeinab","ⲍⲉⲓⲛⲁⲃ"
"7138116f-fa84-4bcc-93ef-b3965b68e28c","احمد","أحمد","Ahmed","ⲁϩⲙⲉⲇ"
"71baa9d5-46cd-4942-812e-2f49f5144350","موهوب","موهوب","Mawhub","ⲙⲁⲱϩⲟⲩⲃ"
"721ce62e-4c0e-411f-85aa-53c785131c1c","احمد","أحمد","Ahmed","ⲁϩⲙⲉⲇ"
"74b38e76-dfbe-409b-ba03-f39025b6de2b","هانم","هانم","Hanem","ϩⲁⲛⲉⲙ"
"757c135f-7d90-4b8f-a1a0-47a23ed1b601","محمد حسن","محمد حسن","Mohamed Hassan","ⲙⲟϩⲁⲙⲉⲇ ϩⲁⲥⲥⲁⲛ"
"7726dceb-4193-4202-a422-f39aa003c3c6","مهند","مهند","Mohannad","ⲙⲟϩⲁⲛⲛⲁⲇ"
"77759e69-6fc4-4eeb-b591-751f3ca36f68","زينب","زينب","Zeinab","ⲍⲉⲓⲛⲁⲃ"
"7915d38b-983d-4280-a2ce-1b1714d70ba6","لقمان","لقمان","Loqman","ⲗⲟⲕⲙⲁⲛ"
"79fb0e06-dbb5-4d11-bacd-e332b736d1c6","صفيه","صفية","Safiya","ⲥⲁⲫⲓⲏⲁ"
"7b053907-6f2c-429a-b61e-775ffe91d482","عاصم","عاصم","Asem","ⲁⲥⲉⲙ"
"7bf610c8-5a1b-4c9e-91e5-49d7c7bccc0a","أواب","أواب","Awab","ⲁⲱⲁⲃ"
"7bf62e83-8b40-4612-8180-ed6799b3c5cd","عبد الرحيم","عبد الرحيم","Abdel Rahim","ⲁⲃⲇⲉⲗ ⲣⲁϩⲓⲙ"
"7d5d9172-1051-46f9-b53a-b373f75fd561","تسنيم","تسنيم","Tasneem","ⲧⲁⲥⲛⲓⲙ"
"7dce3336-a904-4e58-b4ee-4b90af944e44","فوزيه","فوزية","Fawzia","ⲫⲁⲱⲍⲓⲁ"
"7df9a2f8-36e9-42e2-b5a4-b3e3716e8848","نور","نور","Nour","ⲛⲟⲩⲣ"
"8039b17f-3028-43be-9ba8-1c3498ef85a9","عائشه ابا يزيد","عائشة أبا يزيد","Aisha Aba Yazid","ⲁⲓⲑⲁ ⲁⲃⲁ ⲏⲁⲍⲓⲇ"
"806c3be9-5054-40a0-a67c-89c184a0e34b","محمد","محمد","Mohamed","ⲙⲟϩⲁⲙⲉⲇ"
"8080f304-88e7-4326-89c8-5708d13fbcf0","محاسن","محاسن","Mahasen","ⲙⲁϩⲁⲥⲉⲛ"
"8152d60b-ded3-4367-8ea1-00c3d23ae4fe","فاطمه","فاطمة","Fatma","ⲫⲁⲧⲙⲁ"
"81720561-a4a7-4054-96e4-02a89cf0c9ca","سهى","سهى","Soha","ⲥⲟϩⲁ"
"818a3554-ada0-4144-81ba-ea2d00b18851","عبد القادر","عبد القادر","Abdel Kader","ⲁⲃⲇⲉⲗ ⲕⲁⲇⲉⲣ"
"8206cda8-fa63-444c-a163-cca7b9db0620","بدر","بدر","Badr","ⲃⲁⲇⲣ"
"822cc8a5-c22d-4a68-9375-662ea3b2dfc6","عبد القادر","عبد القادر","Abdel Kader","ⲁⲃⲇⲉⲗ ⲕⲁⲇⲉⲣ"
"82cc8c14-bd9b-4002-836d-4d0b4a712a4d","محمد","محمد","Mohamed","ⲙⲟϩⲁⲙⲉⲇ"
"83050d08-4624-4abf-9565-2344da76d757","محمد","محمد","Mohamed","ⲙⲟϩⲁⲙⲉⲇ"
"842b98e1-7e28-434f-823a-cb52acf765f5","عبد المنعم","عبد المنعم","Abdel Moneim","ⲁⲃⲇⲉⲗ ⲙⲟⲛⲉⲓⲙ"
"8467f635-2740-4777-b39b-280d34080905","وداد","وداد","Wedad","ⲱⲉⲇⲁⲇ"
"854b2dd2-5036-45a3-a142-26e5ee1d64cf","فريد","فريد","Farid","ⲫⲁⲣⲓⲇ"
"86247581-25d4-4736-a2b4-9d8e62e0afbd","ساره","سارة","Sara","ⲥⲁⲣⲁ"
"8648c111-f28f-4f0f-9dec-8d88f3455274","فاطمه","فاطمة","Fatma","ⲫⲁⲧⲙⲁ"
"87418f4f-d319-4998-9ab4-d3b6fd6be733","نبيل","نبيل","Nabil","ⲛⲁⲃⲓⲗ"
"874fc067-a244-478a-ace5-0d352e439606","عبد القادر","عبد القادر","Abdel Kader","ⲁⲃⲇⲉⲗ ⲕⲁⲇⲉⲣ"
"878307d1-6e66-4245-97f4-7cb71982ec00","ايهاب","إيهاب","Ehab","ⲉϩⲁⲃ"
"8815f86f-febd-4639-bd1d-0e946afa280b","بتول","بتول","Batoul","ⲃⲁⲧⲟⲩⲗ"
"883f5f91-3f16-4eab-8744-e519e45d256f","نوال","نوال","Nawal","ⲛⲁⲱⲁⲗ"
"898cfffd-6302-4f0a-99fa-63ab41e07dc1","مصطفى","مصطفى","Mostafa","ⲙⲟⲥⲧⲁⲫⲁ"
"8a0a9041-138d-401a-9388-4c09f183c103","كريم","كريم","Karim","ⲕⲁⲣⲓⲙ"
"8a0f7a9d-fda3-43eb-97c5-369b3a2ac52f","حماد","حماد","Hammad","ϩⲁⲙⲙⲁⲇ"
"8b3026e0-921c-4f17-970e-f2ec5724fc51","فاطمه","فاطمة","Fatma","ⲫⲁⲧⲙⲁ"
"8ba9f4f4-0fc9-445d-805d-2e0ed559c149","ايمن","أيمن","Ayman","ⲁⲏⲙⲁⲛ"
"8c370e5c-63ad-46a4-96ae-be21a5ea8683","عادل","عادل","Adel","ⲁⲇⲉⲗ"
"8c6f490b-55da-45f3-b1f6-ae54dde406ef","سميحه","سميحة","Samiha","ⲥⲁⲙⲓϩⲁ"
"8cd3209b-7b52-4a4c-a92a-1f8cd6b5e407","نفيسه","نفيسة","Nafisa","ⲛⲁⲫⲓⲥⲁ"
"8e032a15-783b-40d2-8c8c-33aa63af9c63","زينب","زينب","Zeinab","ⲍⲉⲓⲛⲁⲃ"
"8f4c4dff-b017-4a1d-b563-6bfcaba29a1d","على","علي","Ali","ⲁⲗⲓ"
"8f7b424e-9eb8-4751-a80e-3a8313d1b7d9","احمد","أحمد","Ahmed","ⲁϩⲙⲉⲇ"
"8f87d17f-3cd4-42c0-b09f-f1f0cedb8584","حفيظه","حفيظة","Hafiza","ϩⲁⲫⲓⲍⲁ"
"910b2aa8-9ffa-4bd5-bc9c-8bdb446bab2f","مصطفى","مصطفى","Mostafa","ⲙⲟⲥⲧⲁⲫⲁ"
"91460bc8-a143-40f4-96ad-b94328ca5d9f","عمرو","عمرو","Amr","ⲁⲙⲣ"
"9235266f-7ffa-492b-b318-795465417e73","حرم ابايزيد","حرم ابايزيد","Haram Abayazid","ϩⲁⲣⲁⲙ ⲁⲃⲁⲏⲁⲍⲓⲇ"
"9254c9c2-552b-48b6-bf47-ec7b9f024086","بدر","بدر","Badr","ⲃⲁⲇⲣ"
"925b6cd7-e284-4d9a-9f84-aff837ea3a64","رضا","رضا","Reda","ⲣⲉⲇⲁ"
"934ca836-be77-422a-9cbd-34fb31969486","وائل","وائل","Wael","ⲱⲁⲉⲗ"
"9463577f-8e4a-4f1b-a3d7-17e2eb9ce025","عبد الله","عبد الله","Abdullah","ⲁⲃⲇⲟⲩⲗⲗⲁϩ"
"9526efce-2894-4b4f-a2fb-9d1d6a22015c","عثمان","عثمان","Osman","ⲟⲥⲙⲁⲛ"
"9588ae77-fb61-481a-95fe-d44540d9c0c9","زهره","زهرة","Zahra","ⲍⲁϩⲣⲁ"
"95e11722-dda6-4ba8-88c4-e68494398ecf","محمد","محمد","Mohamed","ⲙⲟϩⲁⲙⲉⲇ"
"961fac6f-57ec-4e37-81f9-08325ba1548e","شهد","شهد","Shahd","ⲑⲁϩⲇ"
"963a9695-5acd-4162-aff2-03b33022cdd4","فاطمه","فاطمة","Fatma","ⲫⲁⲧⲙⲁ"
"9649dc43-7677-454a-acdb-68adf33bbce3","زهره","زهرة","Zahra","ⲍⲁϩⲣⲁ"
"97586628-2092-49e3-9556-8a04c4423ee4","محمد","محمد","Mohamed","ⲙⲟϩⲁⲙⲉⲇ"
"975c5df5-0586-4f04-b84d-be22ce5956cd","واجده","واجدة","Wagda","ⲱⲁⲅⲇⲁ"
"976db09a-ec7a-4241-bdc8-f98763174305","خديجه","خديجة","Khadiga","ⲭⲁⲇⲓⲅⲁ"
"97e0dc07-6ba9-41b3-a392-f4f0a0ef2737","برى","بري","Barri","ⲃⲁⲣⲣⲓ"
"98056226-655c-4f92-8216-199573920cd7","سعيده","سعيده","Saeeda","ⲥⲁⲓⲇⲁ"
"984cdf4d-965a-446a-9bfd-623f1a067fbd","عصام","عصام","Essam","ⲉⲥⲁⲙ"
"99fe3a58-fd18-4de2-bcf6-0971b019fb65","عبد الحليم","عبد الحليم","Abdel Halim","ⲁⲃⲇⲉⲗ ϩⲁⲗⲓⲙ"
"9a1c68b9-7b7c-40d7-9f53-ba5b5c84e7db","شاديه","شادية","Shadya","ⲑⲁⲇⲏⲁ"
"9a1d400a-0dee-4bb9-93d9-a74f15f3cb98","اسامه","أسامة","Osama","ⲟⲥⲁⲙⲁ"
"b594b5d0-3703-49cd-865b-790ac271e59a","هدى","هدى","Hoda","ϩⲟⲇⲁ"
"9a5cef95-9851-4265-9c0f-fa8efb1409af","شاهيناز","شاهيناز","Shahinaz","ⲑⲁϩⲓⲛⲁⲍ"
"9ae2788b-8596-4ef7-9682-08124da02aee","سناء","سناء","Sanaa","ⲥⲁⲛⲁⲁ"
"9be2e68a-9266-4a0e-a103-ba446735f2dd","فاروق","فاروق","Farouk","ⲫⲁⲣⲟⲩⲕ"
"9e233a52-68ac-4562-bed2-3fbae2aec730","عباس","عباس","Abbas","ⲁⲃⲁⲥ"
"9e3b5733-9174-42c4-ae99-d7d15a640b2b","بتول","بتول","Batoul","ⲃⲁⲧⲟⲩⲗ"
"9ea9feb7-4bdf-40e7-ac99-f7d7d0969229","رقيه","رقية","Ruqayya","ⲣⲟⲩⲕⲁⲏⲁ"
"9ec8c2ad-7a10-4e0d-b22c-dbf241a5e84c","ساره","سارة","Sara","ⲥⲁⲣⲁ"
"9f7d376d-1ba6-427e-9630-1fb8bbb07f91","عفيفه","عفيفة","Afifa","ⲁⲫⲓⲫⲁ"
"a0d28119-3e65-42d4-8f64-61ef2942b030","عليه","عليه","Alih","ⲁⲗⲓϩ"
"a174a146-486c-4fe0-9643-a152153d1b27","نفيسه","نفيسة","Nafisa","ⲛⲁⲫⲓⲥⲁ"
"a1c06163-d2d7-439d-b905-5455cc4c16a4","زينب","زينب","Zeinab","ⲍⲉⲓⲛⲁⲃ"
"a20d7808-69be-49ef-8a9c-58dbe9bef865","هانم","هانم","Hanem","ϩⲁⲛⲉⲙ"
"a2559eae-1de4-4ff0-9c8b-785fd86bf28d","فردوس","فردوس","Ferdous","ⲫⲉⲣⲇⲟⲩⲥ"
"a3177ae6-e4a7-4f49-a4eb-40c3c7f8a616","محمد","محمد","Mohamed","ⲙⲟϩⲁⲙⲉⲇ"
"a45a0267-d72a-4b26-8d48-2b780eae7557","صلاح","صلاح","Salah","ⲥⲁⲗⲁϩ"
"a4675322-ed29-4968-8aba-2c803366d80e","صفاء","صفاء","Safaa","ⲥⲁⲫⲁⲁ"
"a4e1763e-23f3-4b7f-bb31-16d23e30ee97","نبويه","نبوية","Nabawiya","ⲛⲁⲃⲁⲱⲓⲏⲁ"
"a73b79fe-5694-45ee-99e5-55755fc11d06","امين حسن","أمين حسن","Amin Hassan","ⲁⲙⲓⲛ ϩⲁⲥⲁⲛ"
"a76d5270-26c2-46f6-af85-4d3f892320e9","صفوت","صفوت","Safwat","ⲥⲁⲫⲱⲁⲧ"
"a7a723f7-e6af-4eb7-b711-4f211531d424","سلوى","سلوى","Salwa","ⲥⲁⲗⲱⲁ"
"a887abc4-617f-4417-a43e-2017f9e69c1c","اميمه","أميمة","Omaima","ⲟⲙⲁⲓⲙⲁ"
"a8bb31d9-739f-4081-8a25-b8dfc1fbb1c3","الفاتح محمد عبدون","الفاتح محمد عبدون","El-Fateh Mohamed Abdoun","ⲉⲗⲫⲁⲧⲉϩ ⲙⲟϩⲁⲙⲉⲇ ⲁⲃⲇⲟⲩⲛ"
"a8c68d0c-9488-4a1d-9624-665175ef1c59","محمد","محمد","Mohamed","ⲙⲟϩⲁⲙⲉⲇ"
"a8da5c60-9950-4a61-8bdb-01251affa1b9","محمد","محمد","Mohamed","ⲙⲟϩⲁⲙⲉⲇ"
"a97610b7-bbf7-4c51-b401-ef93890feb3f","سوسن","سوسن","Sawsan","ⲥⲁⲱⲥⲁⲛ"
"aa0ec19d-05fe-4c67-8462-5fc99badd90d","هجره","هجره","Hegra","ϩⲉⲅⲣⲁ"
"aa971367-e937-482e-b716-43b0c8b4bd94","وئام","وئام","Weam","ⲱⲉⲁⲙ"
"abc95b43-ba5c-43a4-9946-7190e458f953","سيد","سيد","Sayed","ⲥⲁⲏⲉⲇ"
"ac5fe8ed-d1c4-4ac8-bc93-ec9a906d5f7d","محمد صالح شريف","محمد صالح شريف","Mohamed Saleh Sherif","ⲙⲟϩⲁⲙⲉⲇ ⲥⲁⲗⲉϩ ⲑⲉⲣⲓⲫ"
"ac78fc6b-1bd3-4657-a9be-28941be581dd","عبد الرحيم","عبد الرحيم","Abdel Rahim","ⲁⲃⲇⲉⲗ ⲣⲁϩⲓⲙ"
"ac7ead63-ff75-4624-839f-7561f79867fc","احمد","أحمد","Ahmed","ⲁϩⲙⲉⲇ"
"ac9e038f-0460-4c55-ac28-5e5500ab953b","منى","منى","Mona","ⲙⲟⲛⲁ"
"acdc1662-5acd-49a8-bcdf-b74f6e57b4b3","فاطمه","فاطمة","Fatma","ⲫⲁⲧⲙⲁ"
"ad99bb72-4ede-4dda-8a06-91aeed3e4683","ابراهيم","ابراهيم","Ibrahim","ⲓⲃⲣⲁϩⲓⲙ"
"ae0755a8-a20e-47b1-abf9-5fc6f7347139","داليا","داليا","Dalia","ⲇⲁⲗⲓⲁ"
"ae0cd9a8-1fae-4418-bf28-e8fadc2fbc74","عمر","عمر","Omar","ⲟⲙⲁⲣ"
"b046d245-e224-482d-ad09-e571f84d37ff","محمود","محمود","Mahmoud","ⲙⲁϩⲙⲟⲩⲇ"
"d7467f95-6146-493e-b209-686878c3e641","حاتم","حاتم","Hatem","ϩⲁⲧⲉⲙ"
"b0ff5995-4e69-4358-b79d-3fa6fef0a69b","فاطمه","فاطمة","Fatma","ⲫⲁⲧⲙⲁ"
"b16e1013-de3c-4876-8f2d-41033e1ffb28","معز","معز","Moez","ⲙⲟⲉⲍ"
"b1d2b30a-32a3-4db8-9927-6a212b2a79a0","حنان","حنان","Hanan","ϩⲁⲛⲁⲛ"
"b2172455-58f5-416c-bfc5-a1f2b6caff88","محمد حسن امين","محمد حسن أمين","Mohamed Hassan Amin","ⲙⲟϩⲁⲙⲉⲇ ϩⲁⲥⲁⲛ ⲁⲙⲓⲛ"
"b2bea596-1fcc-4a7f-a6d7-fc9a0d26e265","صباح","صباح","Sabah","ⲥⲁⲃⲁϩ"
"b5f48e56-c241-419c-8a6e-376e7ee236a7","محمود","محمود","Mahmoud","ⲙⲁϩⲙⲟⲩⲇ"
"b610bb22-f766-4f82-b792-f7fbb2f7003b","نفيسه","نفيسة","Nafisa","ⲛⲁⲫⲓⲥⲁ"
"b6701ec5-5278-4e7f-9909-8a3058c079d9","منيره","منيرة","Monira","ⲙⲟⲛⲓⲣⲁ"
"b713c623-e12c-4c4f-bef6-d2a387f88359","حسام","حسام","Hossam","ϩⲟⲥⲁⲙ"
"b73dbd91-9da4-45d2-b76e-b35376828646","راحيل","راحيل","Rahil","ⲣⲁϩⲓⲗ"
"b7d8ced6-a4fd-4fec-b75c-63daf3324e8d","مجتبى","مجتبى","Mojtaba","ⲙⲟⲏⲧⲁⲃⲁ"
"b871ee60-01ee-4d41-aebf-db6a2334744b","مشعل","مشعل","Meshal","ⲙⲉⲑⲁⲗ"
"b88dfb6a-da70-4ea5-ad2c-efd1c33156b9","اسامه","أسامة","Osama","ⲟⲥⲁⲙⲁ"
"b9b13aae-11e6-4e84-b1f2-b57d2918d3d5","نسمات","نسمات","Nasamat","ⲛⲁⲥⲁⲙⲁⲧ"
"b9c4aff5-4d35-41a2-90a7-6b8bf2aaf132","عزيزه","عزيزة","Aziza","ⲁⲍⲓⲍⲁ"
"bbc3495b-afe0-4294-958a-a8d0560b5ff8","سميحه","سميحة","Samiha","ⲥⲁⲙⲓϩⲁ"
"bbf75e1b-d67c-40b9-b369-05ad4de6ea65","احمد","أحمد","Ahmed","ⲁϩⲙⲉⲇ"
"bc84fece-9dc6-4241-87d8-a006e42023e3","ندى","ندى","Nada","ⲛⲁⲇⲁ"
"bd950ffd-8680-4803-b845-1542f9f85549","مهند","مهند","Mohannad","ⲙⲟϩⲁⲛⲛⲁⲇ"
"bea89bd4-6d67-48d7-8235-0ceca57feffc","فاطمه","فاطمة","Fatma","ⲫⲁⲧⲙⲁ"
"bf49f9ee-2dde-4ab1-ac5a-0a7eeb49183f","شيماء","شيماء","Shimaa","ⲑⲓⲙⲁⲁ"
"c06bea75-1372-4d24-a784-d45caae6fb2d","مجدى","مجدي","Magdy","ⲙⲁⲅⲇⲓ"
"c3aa665d-1a7a-40c9-b6be-fe9a43fcd8f7","ندى","ندى","Nada","ⲛⲁⲇⲁ"
"c3b48982-c487-4f76-a575-2a6e889b03ca","مصدق","مصدق","Mosaddeq","ⲙⲟⲥⲁⲇⲇⲉⲕ"
"c3ebb6f6-de02-4b1a-8f71-fbd3c26eae45","سعيده","سعيده","Saeeda","ⲥⲁⲓⲇⲁ"
"c4961ae1-d224-4c65-b472-e11cf7517795","محاسن","محاسن","Mahasen","ⲙⲁϩⲁⲥⲉⲛ"
"c583a531-e16c-40df-8694-b52868b4b74f","وليد","وليد","Walid","ⲱⲁⲗⲓⲇ"
"c738a843-0054-47cb-b491-d13f66b1893b","سحر","سحر","Sahar","ⲥⲁϩⲁⲣ"
"c7fb008f-02f4-424c-ba55-b6dfbacec930","هانى","هاني","Hany","ϩⲁⲛⲓ"
"c8d20780-df3f-439b-a60f-b36d79bc2f77","اقبال","إقبال","Iqbal","ⲓⲕⲃⲁⲗ"
"c994605c-13ff-4378-880d-4dbed278c51d","امال","أمال","Amal","ⲁⲙⲁⲗ"
"ca7e271a-b330-40d5-98c1-17cba2b22e3a","محمد عثمان(شلتوت)","محمد عثمان شلتوت","Mohamed Osman Shaltout","ⲙⲟϩⲁⲙⲉⲇ ⲟⲥⲙⲁⲛ ⲑⲁⲗⲧⲟⲩⲧ"
"cab8e0bd-4e05-450b-bef7-4b8651d5295f","خضره","خضره","Khadra","ⲭⲁⲇⲣⲁ"
"cb190884-e061-4db9-8cc2-c0aa05378280","فاطمه","فاطمة","Fatma","ⲫⲁⲧⲙⲁ"
"cb3d8eb8-2628-4ee0-a199-97e0a7a530d1","محمد كدوده","محمد كدوده","Mohamed Kadouda","ⲙⲟϩⲁⲙⲉⲇ ⲕⲁⲇⲟⲩⲇⲁ"
"cc5b31d8-55c1-48c1-8b90-948dc0fb4624","محمد","محمد","Mohamed","ⲙⲟϩⲁⲙⲉⲇ"
"cda43562-bfa2-4831-876f-36adfbf0e499","منيره","منيرة","Monira","ⲙⲟⲛⲓⲣⲁ"
"cda741ed-afbb-4795-a2ec-6e6b0375f0d0","لطيفه","لطيفة","Latifa","ⲗⲁⲧⲓⲫⲁ"
"ce2713e6-1855-4496-b9e4-ff650700b7ef","منى","منى","Mona","ⲙⲟⲛⲁ"
"ce3ba4b4-7942-43bc-8a09-16f662ff7542","اشرف","اشرف","Ashraf","ⲁⲑⲣⲁⲫ"
"cfcdeebb-3b56-4553-904f-397f374b92a8","فاطمه","فاطمة","Fatma","ⲫⲁⲧⲙⲁ"
"d21ab576-80be-4b37-823e-25820fc9e16b","نعمات","نعمات","Neamat","ⲛⲉⲁⲙⲁⲧ"
"d2ee12d5-5848-48c2-91a6-ffc49270bca1","هجره","هجره","Hegra","ϩⲉⲅⲣⲁ"
"d46e7da8-4299-4bb8-840f-364823f42406","فاطمه","فاطمة","Fatma","ⲫⲁⲧⲙⲁ"
"d4fb5def-d0d6-4d1a-9095-58f16285ab6f","انتصار","انتصار","Intisar","ⲓⲛⲧⲓⲥⲁⲣ"
"d7efedae-b5ad-43b0-9086-6749206f7216","احمد","أحمد","Ahmed","ⲁϩⲙⲉⲇ"
"d84a5ca2-0f0f-4a2f-9522-d3507f95ebde","فاطمه","فاطمة","Fatma","ⲫⲁⲧⲙⲁ"
"d88c0ea1-6d59-418b-a938-2e6aa399ed22","محمد مصطفى","محمد مصطفى","Mohamed Mostafa","ⲙⲟϩⲁⲙⲉⲇ ⲙⲟⲥⲧⲁⲫⲁ"
"d8ade05c-ef45-4ad8-b8f1-7a67431d667e","ساريه","ساريه","Sarya","ⲥⲁⲣⲓⲁ"
"d913e8e7-7b5a-4516-8d86-0bc443170546","شاهر","شاهر","Shaher","ⲑⲁϩⲉⲣ"
"da16a5f1-3899-4c27-b5fd-cc67e1eb6826","حليمه ابايزيد","حليمة أبايزيد","Halima Abayazid","ϩⲁⲗⲓⲙⲁ ⲁⲃⲁⲏⲁⲍⲓⲇ"
"da68554d-b7cb-46e5-b8ac-f01a7cbfa835","عزه","عزة","Azza","ⲁⲍⲍⲁ"
"db12a4fc-6e43-473d-9239-c5fd59c33e3e","فاطمه","فاطمة","Fatma","ⲫⲁⲧⲙⲁ"
"db41a3d7-dd86-46a6-bddc-3928f11adb74","احمد","أحمد","Ahmed","ⲁϩⲙⲉⲇ"
"dcfb3ecf-2e43-4c4f-a6bd-6ca52405380e","فدوى","فدوى","Fadwa","ⲫⲁⲇⲱⲁ"
"dd8ce14b-7b18-4673-a974-cbf78d659082","محمد","محمد","Mohamed","ⲙⲟϩⲁⲙⲉⲇ"
"de21836e-36a4-4655-b204-d32aed148699","محمد","محمد","Mohamed","ⲙⲟϩⲁⲙⲉⲇ"
"df1eb182-11bc-4b01-8f31-fceb22540354","محمد","محمد","Mohamed","ⲙⲟϩⲁⲙⲉⲇ"
"df227c3f-0f26-4e93-b7b9-dd6802a061a5","فاطمه (بابا زهره)","فاطمة (بابا زهرة)","Fatma (Baba Zahra)","ⲫⲁⲧⲙⲁ (ⲃⲁⲃⲁ ⲍⲁϩⲣⲁ)"
"df60a1ec-ab32-45b2-9ca2-93f7926ffa96","امينه","أمينة","Amina","ⲁⲙⲓⲛⲁ"
"e11c4b99-c61e-48d4-a36b-8fa1b9562e0a","هادى","هادي","Hadi","ϩⲁⲇⲓ"
"e1911895-7775-491c-a755-ef8a5dbe337e","مروان","مروان","Marwan","ⲙⲁⲣⲱⲁⲛ"
"e1b7b70c-bd56-42e3-8464-e04327fc62c4","زهره","زهرة","Zahra","ⲍⲁϩⲣⲁ"
"e1d30736-5971-45ff-a06a-f4de4a7acf7e","مها","مها","Maha","ⲙⲁϩⲁ"
"e296e3ad-4772-4d8b-a76d-b653912d2029","عمر","عمر","Omar","ⲟⲙⲁⲣ"
"e31e9e9a-9a83-49bf-97e0-9c1d6ebf09c6","نبره","نبره","Nabra","ⲛⲁⲃⲣⲁ"
"e35a59c7-dd2c-4085-88ab-345a2978d6bd","احمد عبد الرحمن فقير","أحمد عبد الرحمن فقير","Ahmed Abdel Rahman Fakir","ⲁϩⲙⲉⲇ ⲁⲃⲇⲉⲗ ⲣⲁϩⲙⲁⲛ ⲫⲁⲕⲓⲣ"
"e44cd487-3c0b-438c-819e-462bc3480ef1","فاطمه","فاطمة","Fatma","ⲫⲁⲧⲙⲁ"
"e45421fd-a9ed-492d-8f70-1140742f562c","جليله","جليلة","Galila","ⲅⲁⲗⲓⲗⲁ"
"e45d13e2-7506-4a76-b530-ee69fd0eb2b1","داريه","داريه","Darya","ⲇⲁⲣⲓⲁ"
"e4785339-9e4f-41e6-9d41-c31a5ed1883d","فواز","فواز","Fawaz","ⲫⲁⲱⲁⲍ"
"e58d2487-41a2-4856-8eec-31a6cb8f3bf6","منصور","منصور","Mansour","ⲙⲁⲛⲥⲟⲩⲣ"
"e68c6def-f9fb-402e-8066-54a33bd5dd68","شريفه","شريفة","Sharifa","ⲑⲁⲣⲓⲫⲁ"
"e7882853-cc7a-4faa-adcc-ca1b29c661f9","يوسف","يوسف","Youssef","ⲏⲟⲩⲥⲥⲉⲫ"
"e7c9085f-4613-453d-8233-7171e2cf9609","امنه","أمنة","Amna","ⲁⲙⲛⲁ"
"e860251a-9d40-4de4-9dcb-1b93469fdf0c","السمؤل","السمؤل","El-Samawal","ⲉⲗⲥⲁⲙⲁⲱⲁⲗ"
"e8b6f8e0-7503-4834-b07a-7501aec4aac9","مصطفى","مصطفى","Mostafa","ⲙⲟⲥⲧⲁⲫⲁ"
"e9f03b18-e18e-448d-b431-48adc339cf9b","طارق","طارق","Tarek","ⲧⲁⲣⲉⲕ"
"ea942b8e-9168-4269-af69-51383d8d260d","فاطمه","فاطمة","Fatma","ⲫⲁⲧⲙⲁ"
"ee816f93-85ab-4827-ac7d-fb13f8a926df","ثريا","ثريا","Soraya","ⲥⲟⲣⲁⲏⲁ"
"ee87be0a-b544-47ca-b093-4b168fbd9532","سلامه عثمان حاج","سلامه عثمان حاج","Salama Osman Hag","ⲥⲁⲗⲁⲙⲁ ⲟⲥⲙⲁⲛ ϩⲁⲅ"
"eec20b24-1f08-4f5a-847e-ae689a7df272","فاطمه","فاطمة","Fatma","ⲫⲁⲧⲙⲁ"
"eefd1cd9-f475-4bac-98a3-7e0def26c573","ناجى","ناجي","Nagi","ⲛⲁⲅⲓ"
"ef1450af-4946-4cca-8c69-b8e6ac026ac3","يسرى","يسرى","Yousra","ⲏⲟⲩⲥⲣⲁ"
"ef596350-3a6c-4d71-889d-512a773771c1","محمد","محمد","Mohamed","ⲙⲟϩⲁⲙⲉⲇ"
"ef6fa562-d8aa-445e-a36e-4a5ef15d86ff","رقيه","رقية","Ruqayya","ⲣⲟⲩⲕⲁⲏⲁ"
"efa08ac8-e46c-4928-915f-f6770536ec25","تامر","تامر","Tamer","ⲧⲁⲙⲉⲣ"
"efa7406f-7481-498f-a680-8c0a84e13c7b","ثريا","ثريا","Soraya","ⲥⲟⲣⲁⲏⲁ"
"f11fb6cb-ece0-4e4d-bb86-fb57e0154ff2","احمد المصرى","أحمد المصري","Ahmed El-Masry","ⲁϩⲙⲉⲇ ⲉⲗ-ⲙⲁⲥⲣⲏ"
"f20edf06-3e22-4d9d-a1c9-82d8dbd50b52","محمد","محمد","Mohamed","ⲙⲟϩⲁⲙⲉⲇ"
"f252346e-a197-4a27-9836-34fb7e50bffd","محمد","محمد","Mohamed","ⲙⲟϩⲁⲙⲉⲇ"
"f32668a8-9c7c-412a-bbbd-77502615cb5f","نفيسه","نفيسة","Nafisa","ⲛⲁⲫⲓⲥⲁ"
"f43058ff-54b4-42b3-837e-57c08655f9f6","عثمان","عثمان","Osman","ⲟⲥⲙⲁⲛ"
"f4da585f-fa85-4ec2-be91-b7bcd0387dbf","ليلى","ليلى","Layla","ⲗⲁⲏⲗⲁ"
"f571b71a-bc1b-4f2c-98cd-890c1b13800f","فوزى","فوزي","Fawzy","ⲫⲁⲱⲍⲓ"
"f5f9b671-008f-4a1a-9e0f-5f0aad706015","سامح","سامح","Sameh","ⲥⲁⲙⲉϩ"
"f66d612b-8b5c-4c89-b4e2-bf67b591d566","احمد","أحمد","Ahmed","ⲁϩⲙⲉⲇ"
"f6abe729-f7dd-45da-8c31-9be811832569","مريم","مريم","Maryam","ⲙⲁⲣⲏⲁⲙ"
"f6feaafe-2930-415a-877d-49f9265fb8d2","عبد الحميد","عبد الحميد","Abdel Hamid","ⲁⲃⲇⲉⲗ ϩⲁⲙⲓⲇ"
"f738e1ee-e9f7-49c8-91a5-31f9b9564754","فاطمه","فاطمة","Fatma","ⲫⲁⲧⲙⲁ"
"f8215677-c02c-4e9a-ad7d-931d8facb1cc","عمار","عمار","Ammar","ⲁⲙⲙⲁⲣ"
"f86f9da1-8530-46ab-8a13-3f21ec47a173","نفيسه","نفيسة","Nafisa","ⲛⲁⲫⲓⲥⲁ"
"f8b1a730-10b7-4498-81d7-97a58ad0ec53","وجدان","وجدان","Wegdan","ⲱⲉⲅⲇⲁⲛ"
"f99f8826-c8b7-4ed9-a3a4-3f805cedbc1d","محمد","محمد","Mohamed","ⲙⲟϩⲁⲙⲉⲇ"
"f9e4938d-5c2d-4827-b9d9-d6962aec538e","رامى","رامي","Ramy","ⲣⲁⲙⲓ"
"f9e95815-2b58-46ce-ad03-39d332808875","زينب","زينب","Zeinab","ⲍⲉⲓⲛⲁⲃ"
"fc1f6782-df84-4b25-9f93-eb260f21018a","مرتضى","مرتضى","Mortada","ⲙⲟⲣⲧⲁⲇⲁ"
"fcf6790a-800a-4dbd-a6b1-d33a7cd50ca4","ساره","سارة","Sara","ⲥⲁⲣⲁ"
"fd11fd84-1e42-4d38-ad83-796210bfdd71","فاطمه","فاطمة","Fatma","ⲫⲁⲧⲙⲁ"
"ffa02956-07ed-4b37-a8cd-b23414c2b81e","فاطمه","فاطمة","Fatma","ⲫⲁⲧⲙⲁ"
